Workbook

Sheet Strategy Parameters
A1: ⚙ STRATEGY PARAMETERS & ASSUMPTIONS
A2: FILTER RULES
A3: Trend Filter | B3: Price > 50 EMA > 200 EMA > 0 | C3: All three must hold simultaneously
A4: 52W High Proximity | B4: Price ≥ 52W High × 0.85 | C4: Within 15% of 52-week high
A5: 3M Breakout | B5: Price ≥ 3M High (65-day) | C5: Price making a new 65-day high
A6: Volume Surge | B6: 1M Median Vol > 3M Median Vol | C6: Rising accumulation confirmation
A8: RANKING WEIGHTS
A9: 3M Momentum | B9: 30% | C9: Percentile rank of 3-month return
A10: Volume Surge Ratio | B10: 25% | C10: Percentile rank of 1M/3M volume ratio
A11: Breakout Strength | B11: 25% | C11: Percentile rank of (Price−3M High)/3M High
A12: EMA Separation | B12: 20% | C12: Percentile rank of (Price−50EMA)/50EMA
A14: TRADE MANAGEMENT
A15: Universe | B15: Nifty 750 | C15: NSE listed Nifty 750 stocks
A16: Entry Day & Time | B16: Every Monday at 3:00 PM | C16: Market order near close
A17: Max Positions | B17: 20 | C17: Equal weight allocation
A18: Position Size | B18: Portfolio ÷ 20 | C18: Equal weight per trade
A19: Trailing Stop Loss | B19: Entry Price × 0.95 | C19: 5% TSL from entry
A20: Profit Target | B20: Entry Price × 1.10 | C20: 10% target per trade
A21: Max Holding Period | B21: 1 Calendar Month | C21: Exit regardless on month-end
A22: Re-entry | B22: Allowed next Monday | C22: If stock re-qualifies after stop-out

Sheet Ticker Data
A1: 📊 NIFTY 750 MOMENTUM SCREENER — Ticker Data Input
A2: Enter OHLCV and indicator data below. Blue cells = manual inputs. Screener tab auto-calculates signals and ranking.
A3: Ticker | B3: Company Name | C3: Current Price | D3: 50 EMA | E3: 200 EMA | F3: 52W High | G3: 3M High (65-day) | H3: 3M Low (65-day) | I3: 1M Median Volume | J3: 3M Median Volume | K3: 3M Return % | L3: Sector
A4: PRSMJOHNSN | B4: Reliance Industries | C4: 2950 | D4: 2820 | E4: 2540 | F4: 3030 | G4: 2960 | H4: 2650 | I4: 8500000 | J4: 7200000 | K4: 12.5 | L4: Energy
A5: CASTROLIND | B5: Infosys | C5: 1780 | D5: 1710 | E5: 1540 | F5: 1980 | G5: 1820 | H5: 1600 | I5: 12000000 | J5: 10500000 | K5: 8.2 | L5: IT
A6: ZYDUSLIFE | B6: HDFC Bank | C6: 1720 | D6: 1650 | E6: 1490 | F6: 1880 | G6: 1740 | H6: 1560 | I6: 18000000 | J6: 15000000 | K6: 9.8 | L6: Banking
A7: ABBOTINDIA | B7: Tata Consultancy | C7: 4250 | D7: 4080 | E7: 3720 | F7: 4480 | G7: 4310 | H7: 3900 | I7: 5500000 | J7: 5000000 | K7: 11.2 | L7: IT
A8: GODIGIT | B8: ICICI Bank | C8: 1290 | D8: 1240 | E8: 1120 | F8: 1350 | G8: 1300 | H8: 1160 | I8: 22000000 | J8: 19000000 | K8: 7.5 | L8: Banking
A9: LUPIN | B9: Wipro | C9: 620 | D9: 598 | E9: 545 | F9: 660 | G9: 635 | H9: 565 | I9: 9000000 | J9: 8200000 | K9: 6.8 | L9: IT
A10: DIVISLAB | B10: Tata Motors | C10: 1080 | D10: 1020 | E10: 890 | F10: 1150 | G10: 1095 | H10: 940 | I10: 25000000 | J10: 20000000 | K10: 15.3 | L10: Auto
A11: LALPATHLAB | B11: Axis Bank | C11: 1195 | D11: 1140 | E11: 1030 | F11: 1280 | G11: 1210 | H11: 1070 | I11: 16000000 | J11: 13500000 | K11: 10.1 | L11: Banking
A12: NHPC | B12: Sun Pharma | C12: 1920 | D12: 1840 | E12: 1650 | F12: 2050 | G12: 1950 | H12: 1720 | I12: 7000000 | J12: 6200000 | K12: 9.4 | L12: Pharma
A13: GICRE | B13: Bajaj Finance | C13: 7850 | D13: 7500 | E13: 6800 | F13: 8400 | G13: 7950 | H13: 7100 | I13: 4500000 | J13: 4000000 | K13: 13.7 | L13: NBFC
A14: AADHARHFC
A15: HSCL
A16: RELIANCE
A17: MARICO
A18: STARCEMENT
A19: CANHLIFE
A20: PIRAMALFIN
A21: JLHL
A22: ANURAS
A23: STARHEALTH
A24: CHAMBLFERT
A25: TORNTPHARM
... A753: EMBDL

Sheet Screener & Ranking
A1: 🎯 SCREENER & RANKING ENGINE — Monday 3 PM Entry Signals
A2: All filters auto-calculated from Ticker Data sheet. Green = PASS | Red = FAIL | Top 20 by Composite Score highlighted in gold.
A3: IDENTIFIER | D3: FILTER CHECKS | H3: RANKING FACTORS | M3: RANK SCORES (0–100) | Q3: COMPOSITE | S3: DECISION
A4: Ticker | B4: Company | C4: Sector | D4: Price> 50EMA> 200EMA | E4: Price <15% from 52W High | F4: 3M Breakout? | G4: Vol Surge 1M>3M? | H4: 3M Return % | I4: Vol Surge Ratio | J4: Breakout Strength % | K4: EMA Sep % | L4: 52W High Prox % | M4: Momentum Score | N4: Volume Score | O4: Breakout Score | P4: EMA Score | Q4: Composite Score | R4: Rank | S4: All Filters Pass? | T4: Top 20 Signal
A5: =IF('Ticker Data'!A4="","",'Ticker Data'!A4) -> PRSMJOHNSN | B5: =IF('Ticker Data'!A4="","",'Ticker Data'!B4) -> Reliance Industries | C5: =IF('Ticker Data'!A4="","",'Ticker Data'!L4) -> Energy | D5: =IF('Ticker Data'!A4="","",IF(AND('Ticker Data'!C4>'Ticker Data'!D4,'Ticker Data'!D4>'Ticker Data'!E4,'Ticker Data'!E4>0),"✔ PASS","✘ FAIL")) -> ✔ PASS | E5: =IF('Ticker Data'!A4="","",IF('Ticker Data'!C4>='Ticker Data'!F4*0.85,"✔ PASS","✘ FAIL")) -> ✔ PASS | F5: =IF('Ticker Data'!A4="","",IF('Ticker Data'!C4>='Ticker Data'!G4,"✔ PASS","✘ FAIL")) -> ✘ FAIL | G5: =IF('Ticker Data'!A4="","",IF('Ticker Data'!I4>'Ticker Data'!J4,"✔ PASS","✘ FAIL")) -> ✔ PASS | H5: =IF('Ticker Data'!A4="","",(('Ticker Data'!K4/100))) -> 0.125 | I5: =IF(OR('Ticker Data'!A4="",'Ticker Data'!J4=0),"",'Ticker Data'!I4/'Ticker Data'!J4) -> 1.1805556 | J5: =IF(OR('Ticker Data'!A4="",'Ticker Data'!G4=0),"",('Ticker Data'!C4-'Ticker Data'!G4)/'Ticker Data'!G4) -> -0.0033783784 | K5: =IF(OR('Ticker Data'!A4="",'Ticker Data'!D4=0),"",('Ticker Data'!C4-'Ticker Data'!D4)/'Ticker Data'!D4) -> 0.046099291 | L5: =IF(OR('Ticker Data'!A4="",'Ticker Data'!F4=0),"",'Ticker Data'!C4/'Ticker Data'!F4) -> 0.97359736 | M5: =IF(OR(C5="",H5=""),"",ROUND(PERCENTRANK($H$5:$H$54,H5)*100,1)) -> 95.9 | N5: =IF(OR(C5="",I5=""),"",ROUND(PERCENTRANK($I$5:$I$54,I5)*100,1)) -> 66.6 | O5: =IF(OR(C5="",J5=""),"",ROUND(PERCENTRANK($J$5:$J$54,J5)*100,1)) -> 100 | P5: =IF(OR(C5="",K5=""),"",ROUND(PERCENTRANK($K$5:$K$54,K5)*100,1)) -> 66.6 | Q5: =IF(OR(A5="",D5=""),"",ROUND(M5*0.3+N5*0.25+O5*0.25+P5*0.2,1)) -> 83.7 | R5: =IF(OR(A5="",S5<>"✔ ALL PASS"),"",RANK(Q5,$Q$5:$Q$54,0)) | S5: =IF(A5="","",IF(AND(D5="✔ PASS",E5="✔ PASS",F5="✔ PASS",G5="✔ PASS"),"✔ ALL PASS","✘ FILTERED")) -> ✘ FILTERED | T5: =IF(OR(A5="",S5<>"✔ ALL PASS",R5=""),"",IF(R5<=20,"🟢 BUY SIGNAL","—"))
A6: =IF('Ticker Data'!A5="","",'Ticker Data'!A5) -> CASTROLIND | B6: =IF('Ticker Data'!A5="","",'Ticker Data'!B5) -> Infosys | C6: =IF('Ticker Data'!A5="","",'Ticker Data'!L5) -> IT | D6: =IF('Ticker Data'!A5="","",IF(AND('Ticker Data'!C5>'Ticker Data'!D5,'Ticker Data'!D5>'Ticker Data'!E5,'Ticker Data'!E5>0),"✔ PASS","✘ FAIL")) -> ✔ PASS | E6: =IF('Ticker Data'!A5="","",IF('Ticker Data'!C5>='Ticker Data'!F5*0.85,"✔ PASS","✘ FAIL")) -> ✔ PASS | F6: =IF('Ticker Data'!A5="","",IF('Ticker Data'!C5>='Ticker Data'!G5,"✔ PASS","✘ FAIL")) -> ✘ FAIL | G6: =IF('Ticker Data'!A5="","",IF('Ticker Data'!I5>'Ticker Data'!J5,"✔ PASS","✘ FAIL")) -> ✔ PASS | H6: =IF('Ticker Data'!A5="","",(('Ticker Data'!K5/100))) -> 0.082 | I6: =IF(OR('Ticker Data'!A5="",'Ticker Data'!J5=0),"",'Ticker Data'!I5/'Ticker Data'!J5) -> 1.1428571 | J6: =IF(OR('Ticker Data'!A5="",'Ticker Data'!G5=0),"",('Ticker Data'!C5-'Ticker Data'!G5)/'Ticker Data'!G5) -> -0.021978022 | K6: =IF(OR('Ticker Data'!A5="",'Ticker Data'!D5=0),"",('Ticker Data'!C5-'Ticker Data'!D5)/'Ticker Data'!D5) -> 0.040935673 | L6: =IF(OR('Ticker Data'!A5="",'Ticker Data'!F5=0),"",'Ticker Data'!C5/'Ticker Data'!F5) -> 0.8989899 | M6: =IF(OR(C6="",H6=""),"",ROUND(PERCENTRANK($H$5:$H$54,H6)*100,1)) -> 85.7 | N6: =IF(OR(C6="",I6=""),"",ROUND(PERCENTRANK($I$5:$I$54,I6)*100,1)) -> 44.4 | O6: =IF(OR(C6="",J6=""),"",ROUND(PERCENTRANK($J$5:$J$54,J6)*100,1)) -> 11.1 | P6: =IF(OR(C6="",K6=""),"",ROUND(PERCENTRANK($K$5:$K$54,K6)*100,1)) -> 22.2 | Q6: =IF(OR(A6="",D6=""),"",ROUND(M6*0.3+N6*0.25+O6*0.25+P6*0.2,1)) -> 44 | R6: =IF(OR(A6="",S6<>"✔ ALL PASS"),"",RANK(Q6,$Q$5:$Q$54,0)) | S6: =IF(A6="","",IF(AND(D6="✔ PASS",E6="✔ PASS",F6="✔ PASS",G6="✔ PASS"),"✔ ALL PASS","✘ FILTERED")) -> ✘ FILTERED | T6: =IF(OR(A6="",S6<>"✔ ALL PASS",R6=""),"",IF(R6<=20,"🟢 BUY SIGNAL","—"))
A7: =IF('Ticker Data'!A6="","",'Ticker Data'!A6) -> ZYDUSLIFE | B7: =IF('Ticker Data'!A6="","",'Ticker Data'!B6) -> HDFC Bank | C7: =IF('Ticker Data'!A6="","",'Ticker Data'!L6) -> Banking | D7: =IF('Ticker Data'!A6="","",IF(AND('Ticker Data'!C6>'Ticker Data'!D6,'Ticker Data'!D6>'Ticker Data'!E6,'Ticker Data'!E6>0),"✔ PASS","✘ FAIL")) -> ✔ PASS | E7: =IF('Ticker Data'!A6="","",IF('Ticker Data'!C6>='Ticker Data'!F6*0.85,"✔ PASS","✘ FAIL")) -> ✔ PASS | F7: =IF('Ticker Data'!A6="","",IF('Ticker Data'!C6>='Ticker Data'!G6,"✔ PASS","✘ FAIL")) -> ✘ FAIL | G7: =IF('Ticker Data'!A6="","",IF('Ticker Data'!I6>'Ticker Data'!J6,"✔ PASS","✘ FAIL")) -> ✔ PASS | H7: =IF('Ticker Data'!A6="","",(('Ticker Data'!K6/100))) -> 0.098 | I7: =IF(OR('Ticker Data'!A6="",'Ticker Data'!J6=0),"",'Ticker Data'!I6/'Ticker Data'!J6) -> 1.2 | J7: =IF(OR('Ticker Data'!A6="",'Ticker Data'!G6=0),"",('Ticker Data'!C6-'Ticker Data'!G6)/'Ticker Data'!G6) -> -0.011494253 | K7: =IF(OR('Ticker Data'!A6="",'Ticker Data'!D6=0),"",('Ticker Data'!C6-'Ticker Data'!D6)/'Ticker Data'!D6) -> 0.042424242 | L7: =IF(OR('Ticker Data'!A6="",'Ticker Data'!F6=0),"",'Ticker Data'!C6/'Ticker Data'!F6) -> 0.91489362 | M7: =IF(OR(C7="",H7=""),"",ROUND(PERCENTRANK($H$5:$H$54,H7)*100,1)) -> 89.7 | N7: =IF(OR(C7="",I7=""),"",ROUND(PERCENTRANK($I$5:$I$54,I7)*100,1)) -> 88.8 | O7: =IF(OR(C7="",J7=""),"",ROUND(PERCENTRANK($J$5:$J$54,J7)*100,1)) -> 77.7 | P7: =IF(OR(C7="",K7=""),"",ROUND(PERCENTRANK($K$5:$K$54,K7)*100,1)) -> 44.4 | Q7: =IF(OR(A7="",D7=""),"",ROUND(M7*0.3+N7*0.25+O7*0.25+P7*0.2,1)) -> 77.4 | R7: =IF(OR(A7="",S7<>"✔ ALL PASS"),"",RANK(Q7,$Q$5:$Q$54,0)) | S7: =IF(A7="","",IF(AND(D7="✔ PASS",E7="✔ PASS",F7="✔ PASS",G7="✔ PASS"),"✔ ALL PASS","✘ FILTERED")) -> ✘ FILTERED | T7: =IF(OR(A7="",S7<>"✔ ALL PASS",R7=""),"",IF(R7<=20,"🟢 BUY SIGNAL","—"))
A8: =IF('Ticker Data'!A7="","",'Ticker Data'!A7) -> ABBOTINDIA | B8: =IF('Ticker Data'!A7="","",'Ticker Data'!B7) -> Tata Consultancy | C8: =IF('Ticker Data'!A7="","",'Ticker Data'!L7) -> IT | D8: =IF('Ticker Data'!A7="","",IF(AND('Ticker Data'!C7>'Ticker Data'!D7,'Ticker Data'!D7>'Ticker Data'!E7,'Ticker Data'!E7>0),"✔ PASS","✘ FAIL")) -> ✔ PASS | E8: =IF('Ticker Data'!A7="","",IF('Ticker Data'!C7>='Ticker Data'!F7*0.85,"✔ PASS","✘ FAIL")) -> ✔ PASS | F8: =IF('Ticker Data'!A7="","",IF('Ticker Data'!C7>='Ticker Data'!G7,"✔ PASS","✘ FAIL")) -> ✘ FAIL | G8: =IF('Ticker Data'!A7="","",IF('Ticker Data'!I7>'Ticker Data'!J7,"✔ PASS","✘ FAIL")) -> ✔ PASS | H8: =IF('Ticker Data'!A7="","",(('Ticker Data'!K7/100))) -> 0.112 | I8: =IF(OR('Ticker Data'!A7="",'Ticker Data'!J7=0),"",'Ticker Data'!I7/'Ticker Data'!J7) -> 1.1 | J8: =IF(OR('Ticker Data'!A7="",'Ticker Data'!G7=0),"",('Ticker Data'!C7-'Ticker Data'!G7)/'Ticker Data'!G7) -> -0.013921114 | K8: =IF(OR('Ticker Data'!A7="",'Ticker Data'!D7=0),"",('Ticker Data'!C7-'Ticker Data'!D7)/'Ticker Data'!D7) -> 0.041666667 | L8: =IF(OR('Ticker Data'!A7="",'Ticker Data'!F7=0),"",'Ticker Data'!C7/'Ticker Data'!F7) -> 0.94866071 | M8: =IF(OR(C8="",H8=""),"",ROUND(PERCENTRANK($H$5:$H$54,H8)*100,1)) -> 93.8 | N8: =IF(OR(C8="",I8=""),"",ROUND(PERCENTRANK($I$5:$I$54,I8)*100,1)) -> 11.1 | O8: =IF(OR(C8="",J8=""),"",ROUND(PERCENTRANK($J$5:$J$54,J8)*100,1)) -> 33.3 | P8: =IF(OR(C8="",K8=""),"",ROUND(PERCENTRANK($K$5:$K$54,K8)*100,1)) -> 33.3 | Q8: =IF(OR(A8="",D8=""),"",ROUND(M8*0.3+N8*0.25+O8*0.25+P8*0.2,1)) -> 45.9 | R8: =IF(OR(A8="",S8<>"✔ ALL PASS"),"",RANK(Q8,$Q$5:$Q$54,0)) | S8: =IF(A8="","",IF(AND(D8="✔ PASS",E8="✔ PASS",F8="✔ PASS",G8="✔ PASS"),"✔ ALL PASS","✘ FILTERED")) -> ✘ FILTERED | T8: =IF(OR(A8="",S8<>"✔ ALL PASS",R8=""),"",IF(R8<=20,"🟢 BUY SIGNAL","—"))
A9: =IF('Ticker Data'!A8="","",'Ticker Data'!A8) -> GODIGIT | B9: =IF('Ticker Data'!A8="","",'Ticker Data'!B8) -> ICICI Bank | C9: =IF('Ticker Data'!A8="","",'Ticker Data'!L8) -> Banking | D9: =IF('Ticker Data'!A8="","",IF(AND('Ticker Data'!C8>'Ticker Data'!D8,'Ticker Data'!D8>'Ticker Data'!E8,'Ticker Data'!E8>0),"✔ PASS","✘ FAIL")) -> ✔ PASS | E9: =IF('Ticker Data'!A8="","",IF('Ticker Data'!C8>='Ticker Data'!F8*0.85,"✔ PASS","✘ FAIL")) -> ✔ PASS | F9: =IF('Ticker Data'!A8="","",IF('Ticker Data'!C8>='Ticker Data'!G8,"✔ PASS","✘ FAIL")) -> ✘ FAIL | G9: =IF('Ticker Data'!A8="","",IF('Ticker Data'!I8>'Ticker Data'!J8,"✔ PASS","✘ FAIL")) -> ✔ PASS | H9: =IF('Ticker Data'!A8="","",(('Ticker Data'!K8/100))) -> 0.075 | I9: =IF(OR('Ticker Data'!A8="",'Ticker Data'!J8=0),"",'Ticker Data'!I8/'Ticker Data'!J8) -> 1.1578947 | J9: =IF(OR('Ticker Data'!A8="",'Ticker Data'!G8=0),"",('Ticker Data'!C8-'Ticker Data'!G8)/'Ticker Data'!G8) -> -0.0076923077 | K9: =IF(OR('Ticker Data'!A8="",'Ticker Data'!D8=0),"",('Ticker Data'!C8-'Ticker Data'!D8)/'Ticker Data'!D8) -> 0.040322581 | L9: =IF(OR('Ticker Data'!A8="",'Ticker Data'!F8=0),"",'Ticker Data'!C8/'Ticker Data'!F8) -> 0.95555556 | M9: =IF(OR(C9="",H9=""),"",ROUND(PERCENTRANK($H$5:$H$54,H9)*100,1)) -> 83.6 | N9: =IF(OR(C9="",I9=""),"",ROUND(PERCENTRANK($I$5:$I$54,I9)*100,1)) -> 55.5 | O9: =IF(OR(C9="",J9=""),"",ROUND(PERCENTRANK($J$5:$J$54,J9)*100,1)) -> 88.8 | P9: =IF(OR(C9="",K9=""),"",ROUND(PERCENTRANK($K$5:$K$54,K9)*100,1)) -> 11.1 | Q9: =IF(OR(A9="",D9=""),"",ROUND(M9*0.3+N9*0.25+O9*0.25+P9*0.2,1)) -> 63.4 | R9: =IF(OR(A9="",S9<>"✔ ALL PASS"),"",RANK(Q9,$Q$5:$Q$54,0)) | S9: =IF(A9="","",IF(AND(D9="✔ PASS",E9="✔ PASS",F9="✔ PASS",G9="✔ PASS"),"✔ ALL PASS","✘ FILTERED")) -> ✘ FILTERED | T9: =IF(OR(A9="",S9<>"✔ ALL PASS",R9=""),"",IF(R9<=20,"🟢 BUY SIGNAL","—"))
A10: =IF('Ticker Data'!A9="","",'Ticker Data'!A9) -> LUPIN | B10: =IF('Ticker Data'!A9="","",'Ticker Data'!B9) -> Wipro | C10: =IF('Ticker Data'!A9="","",'Ticker Data'!L9) -> IT | D10: =IF('Ticker Data'!A9="","",IF(AND('Ticker Data'!C9>'Ticker Data'!D9,'Ticker Data'!D9>'Ticker Data'!E9,'Ticker Data'!E9>0),"✔ PASS","✘ FAIL")) -> ✔ PASS | E10: =IF('Ticker Data'!A9="","",IF('Ticker Data'!C9>='Ticker Data'!F9*0.85,"✔ PASS","✘ FAIL")) -> ✔ PASS | F10: =IF('Ticker Data'!A9="","",IF('Ticker Data'!C9>='Ticker Data'!G9,"✔ PASS","✘ FAIL")) -> ✘ FAIL | G10: =IF('Ticker Data'!A9="","",IF('Ticker Data'!I9>'Ticker Data'!J9,"✔ PASS","✘ FAIL")) -> ✔ PASS | H10: =IF('Ticker Data'!A9="","",(('Ticker Data'!K9/100))) -> 0.068 | I10: =IF(OR('Ticker Data'!A9="",'Ticker Data'!J9=0),"",'Ticker Data'!I9/'Ticker Data'!J9) -> 1.097561 | J10: =IF(OR('Ticker Data'!A9="",'Ticker Data'!G9=0),"",('Ticker Data'!C9-'Ticker Data'!G9)/'Ticker Data'!G9) -> -0.023622047 | K10: =IF(OR('Ticker Data'!A9="",'Ticker Data'!D9=0),"",('Ticker Data'!C9-'Ticker Data'!D9)/'Ticker Data'!D9) -> 0.036789298 | L10: =IF(OR('Ticker Data'!A9="",'Ticker Data'!F9=0),"",'Ticker Data'!C9/'Ticker Data'!F9) -> 0.93939394 | M10: =IF(OR(C10="",H10=""),"",ROUND(PERCENTRANK($H$5:$H$54,H10)*100,1)) -> 81.6 | N10: =IF(OR(C10="",I10=""),"",ROUND(PERCENTRANK($I$5:$I$54,I10)*100,1)) -> 0 | O10: =IF(OR(C10="",J10=""),"",ROUND(PERCENTRANK($J$5:$J$54,J10)*100,1)) -> 0 | P10: =IF(OR(C10="",K10=""),"",ROUND(PERCENTRANK($K$5:$K$54,K10)*100,1)) -> 0 | Q10: =IF(OR(A10="",D10=""),"",ROUND(M10*0.3+N10*0.25+O10*0.25+P10*0.2,1)) -> 24.5 | R10: =IF(OR(A10="",S10<>"✔ ALL PASS"),"",RANK(Q10,$Q$5:$Q$54,0)) | S10: =IF(A10="","",IF(AND(D10="✔ PASS",E10="✔ PASS",F10="✔ PASS",G10="✔ PASS"),"✔ ALL PASS","✘ FILTERED")) -> ✘ FILTERED | T10: =IF(OR(A10="",S10<>"✔ ALL PASS",R10=""),"",IF(R10<=20,"🟢 BUY SIGNAL","—"))
A11: =IF('Ticker Data'!A10="","",'Ticker Data'!A10) -> DIVISLAB | B11: =IF('Ticker Data'!A10="","",'Ticker Data'!B10) -> Tata Motors | C11: =IF('Ticker Data'!A10="","",'Ticker Data'!L10) -> Auto | D11: =IF('Ticker Data'!A10="","",IF(AND('Ticker Data'!C10>'Ticker Data'!D10,'Ticker Data'!D10>'Ticker Data'!E10,'Ticker Data'!E10>0),"✔ PASS","✘ FAIL")) -> ✔ PASS | E11: =IF('Ticker Data'!A10="","",IF('Ticker Data'!C10>='Ticker Data'!F10*0.85,"✔ PASS","✘ FAIL")) -> ✔ PASS | F11: =IF('Ticker Data'!A10="","",IF('Ticker Data'!C10>='Ticker Data'!G10,"✔ PASS","✘ FAIL")) -> ✘ FAIL | G11: =IF('Ticker Data'!A10="","",IF('Ticker Data'!I10>'Ticker Data'!J10,"✔ PASS","✘ FAIL")) -> ✔ PASS | H11: =IF('Ticker Data'!A10="","",(('Ticker Data'!K10/100))) -> 0.153 | I11: =IF(OR('Ticker Data'!A10="",'Ticker Data'!J10=0),"",'Ticker Data'!I10/'Ticker Data'!J10) -> 1.25 | J11: =IF(OR('Ticker Data'!A10="",'Ticker Data'!G10=0),"",('Ticker Data'!C10-'Ticker Data'!G10)/'Ticker Data'!G10) -> -0.01369863 | K11: =IF(OR('Ticker Data'!A10="",'Ticker Data'!D10=0),"",('Ticker Data'!C10-'Ticker Data'!D10)/'Ticker Data'!D10) -> 0.058823529 | L11: =IF(OR('Ticker Data'!A10="",'Ticker Data'!F10=0),"",'Ticker Data'!C10/'Ticker Data'!F10) -> 0.93913043 | M11: =IF(OR(C11="",H11=""),"",ROUND(PERCENTRANK($H$5:$H$54,H11)*100,1)) -> 100 | N11: =IF(OR(C11="",I11=""),"",ROUND(PERCENTRANK($I$5:$I$54,I11)*100,1)) -> 100 | O11: =IF(OR(C11="",J11=""),"",ROUND(PERCENTRANK($J$5:$J$54,J11)*100,1)) -> 44.4 | P11: =IF(OR(C11="",K11=""),"",ROUND(PERCENTRANK($K$5:$K$54,K11)*100,1)) -> 100 | Q11: =IF(OR(A11="",D11=""),"",ROUND(M11*0.3+N11*0.25+O11*0.25+P11*0.2,1)) -> 86.1 | R11: =IF(OR(A11="",S11<>"✔ ALL PASS"),"",RANK(Q11,$Q$5:$Q$54,0)) | S11: =IF(A11="","",IF(AND(D11="✔ PASS",E11="✔ PASS",F11="✔ PASS",G11="✔ PASS"),"✔ ALL PASS","✘ FILTERED")) -> ✘ FILTERED | T11: =IF(OR(A11="",S11<>"✔ ALL PASS",R11=""),"",IF(R11<=20,"🟢 BUY SIGNAL","—"))
A12: =IF('Ticker Data'!A11="","",'Ticker Data'!A11) -> LALPATHLAB | B12: =IF('Ticker Data'!A11="","",'Ticker Data'!B11) -> Axis Bank | C12: =IF('Ticker Data'!A11="","",'Ticker Data'!L11) -> Banking | D12: =IF('Ticker Data'!A11="","",IF(AND('Ticker Data'!C11>'Ticker Data'!D11,'Ticker Data'!D11>'Ticker Data'!E11,'Ticker Data'!E11>0),"✔ PASS","✘ FAIL")) -> ✔ PASS | E12: =IF('Ticker Data'!A11="","",IF('Ticker Data'!C11>='Ticker Data'!F11*0.85,"✔ PASS","✘ FAIL")) -> ✔ PASS | F12: =IF('Ticker Data'!A11="","",IF('Ticker Data'!C11>='Ticker Data'!G11,"✔ PASS","✘ FAIL")) -> ✘ FAIL | G12: =IF('Ticker Data'!A11="","",IF('Ticker Data'!I11>'Ticker Data'!J11,"✔ PASS","✘ FAIL")) -> ✔ PASS | H12: =IF('Ticker Data'!A11="","",(('Ticker Data'!K11/100))) -> 0.101 | I12: =IF(OR('Ticker Data'!A11="",'Ticker Data'!J11=0),"",'Ticker Data'!I11/'Ticker Data'!J11) -> 1.1851852 | J12: =IF(OR('Ticker Data'!A11="",'Ticker Data'!G11=0),"",('Ticker Data'!C11-'Ticker Data'!G11)/'Ticker Data'!G11) -> -0.012396694 | K12: =IF(OR('Ticker Data'!A11="",'Ticker Data'!D11=0),"",('Ticker Data'!C11-'Ticker Data'!D11)/'Ticker Data'!D11) -> 0.048245614 | L12: =IF(OR('Ticker Data'!A11="",'Ticker Data'!F11=0),"",'Ticker Data'!C11/'Ticker Data'!F11) -> 0.93359375 | M12: =IF(OR(C12="",H12=""),"",ROUND(PERCENTRANK($H$5:$H$54,H12)*100,1)) -> 91.8 | N12: =IF(OR(C12="",I12=""),"",ROUND(PERCENTRANK($I$5:$I$54,I12)*100,1)) -> 77.7 | O12: =IF(OR(C12="",J12=""),"",ROUND(PERCENTRANK($J$5:$J$54,J12)*100,1)) -> 66.6 | P12: =IF(OR(C12="",K12=""),"",ROUND(PERCENTRANK($K$5:$K$54,K12)*100,1)) -> 88.8 | Q12: =IF(OR(A12="",D12=""),"",ROUND(M12*0.3+N12*0.25+O12*0.25+P12*0.2,1)) -> 81.4 | R12: =IF(OR(A12="",S12<>"✔ ALL PASS"),"",RANK(Q12,$Q$5:$Q$54,0)) | S12: =IF(A12="","",IF(AND(D12="✔ PASS",E12="✔ PASS",F12="✔ PASS",G12="✔ PASS"),"✔ ALL PASS","✘ FILTERED")) -> ✘ FILTERED | T12: =IF(OR(A12="",S12<>"✔ ALL PASS",R12=""),"",IF(R12<=20,"🟢 BUY SIGNAL","—"))
A13: =IF('Ticker Data'!A12="","",'Ticker Data'!A12) -> NHPC | B13: =IF('Ticker Data'!A12="","",'Ticker Data'!B12) -> Sun Pharma | C13: =IF('Ticker Data'!A12="","",'Ticker Data'!L12) -> Pharma | D13: =IF('Ticker Data'!A12="","",IF(AND('Ticker Data'!C12>'Ticker Data'!D12,'Ticker Data'!D12>'Ticker Data'!E12,'Ticker Data'!E12>0),"✔ PASS","✘ FAIL")) -> ✔ PASS | E13: =IF('Ticker Data'!A12="","",IF('Ticker Data'!C12>='Ticker Data'!F12*0.85,"✔ PASS","✘ FAIL")) -> ✔ PASS | F13: =IF('Ticker Data'!A12="","",IF('Ticker Data'!C12>='Ticker Data'!G12,"✔ PASS","✘ FAIL")) -> ✘ FAIL | G13: =IF('Ticker Data'!A12="","",IF('Ticker Data'!I12>'Ticker Data'!J12,"✔ PASS","✘ FAIL")) -> ✔ PASS | H13: =IF('Ticker Data'!A12="","",(('Ticker Data'!K12/100))) -> 0.094 | I13: =IF(OR('Ticker Data'!A12="",'Ticker Data'!J12=0),"",'Ticker Data'!I12/'Ticker Data'!J12) -> 1.1290323 | J13: =IF(OR('Ticker Data'!A12="",'Ticker Data'!G12=0),"",('Ticker Data'!C12-'Ticker Data'!G12)/'Ticker Data'!G12) -> -0.015384615 | K13: =IF(OR('Ticker Data'!A12="",'Ticker Data'!D12=0),"",('Ticker Data'!C12-'Ticker Data'!D12)/'Ticker Data'!D12) -> 0.043478261 | L13: =IF(OR('Ticker Data'!A12="",'Ticker Data'!F12=0),"",'Ticker Data'!C12/'Ticker Data'!F12) -> 0.93658537 | M13: =IF(OR(C13="",H13=""),"",ROUND(PERCENTRANK($H$5:$H$54,H13)*100,1)) -> 87.7 | N13: =IF(OR(C13="",I13=""),"",ROUND(PERCENTRANK($I$5:$I$54,I13)*100,1)) -> 33.3 | O13: =IF(OR(C13="",J13=""),"",ROUND(PERCENTRANK($J$5:$J$54,J13)*100,1)) -> 22.2 | P13: =IF(OR(C13="",K13=""),"",ROUND(PERCENTRANK($K$5:$K$54,K13)*100,1)) -> 55.5 | Q13: =IF(OR(A13="",D13=""),"",ROUND(M13*0.3+N13*0.25+O13*0.25+P13*0.2,1)) -> 51.3 | R13: =IF(OR(A13="",S13<>"✔ ALL PASS"),"",RANK(Q13,$Q$5:$Q$54,0)) | S13: =IF(A13="","",IF(AND(D13="✔ PASS",E13="✔ PASS",F13="✔ PASS",G13="✔ PASS"),"✔ ALL PASS","✘ FILTERED")) -> ✘ FILTERED | T13: =IF(OR(A13="",S13<>"✔ ALL PASS",R13=""),"",IF(R13<=20,"🟢 BUY SIGNAL","—"))
A14: =IF('Ticker Data'!A13="","",'Ticker Data'!A13) -> GICRE | B14: =IF('Ticker Data'!A13="","",'Ticker Data'!B13) -> Bajaj Finance | C14: =IF('Ticker Data'!A13="","",'Ticker Data'!L13) -> NBFC | D14: =IF('Ticker Data'!A13="","",IF(AND('Ticker Data'!C13>'Ticker Data'!D13,'Ticker Data'!D13>'Ticker Data'!E13,'Ticker Data'!E13>0),"✔ PASS","✘ FAIL")) -> ✔ PASS | E14: =IF('Ticker Data'!A13="","",IF('Ticker Data'!C13>='Ticker Data'!F13*0.85,"✔ PASS","✘ FAIL")) -> ✔ PASS | F14: =IF('Ticker Data'!A13="","",IF('Ticker Data'!C13>='Ticker Data'!G13,"✔ PASS","✘ FAIL")) -> ✘ FAIL | G14: =IF('Ticker Data'!A13="","",IF('Ticker Data'!I13>'Ticker Data'!J13,"✔ PASS","✘ FAIL")) -> ✔ PASS | H14: =IF('Ticker Data'!A13="","",(('Ticker Data'!K13/100))) -> 0.137 | I14: =IF(OR('Ticker Data'!A13="",'Ticker Data'!J13=0),"",'Ticker Data'!I13/'Ticker Data'!J13) -> 1.125 | J14: =IF(OR('Ticker Data'!A13="",'Ticker Data'!G13=0),"",('Ticker Data'!C13-'Ticker Data'!G13)/'Ticker Data'!G13) -> -0.012578616 | K14: =IF(OR('Ticker Data'!A13="",'Ticker Data'!D13=0),"",('Ticker Data'!C13-'Ticker Data'!D13)/'Ticker Data'!D13) -> 0.046666667 | L14: =IF(OR('Ticker Data'!A13="",'Ticker Data'!F13=0),"",'Ticker Data'!C13/'Ticker Data'!F13) -> 0.93452381 | M14: =IF(OR(C14="",H14=""),"",ROUND(PERCENTRANK($H$5:$H$54,H14)*100,1)) -> 97.9 | N14: =IF(OR(C14="",I14=""),"",ROUND(PERCENTRANK($I$5:$I$54,I14)*100,1)) -> 22.2 | O14: =IF(OR(C14="",J14=""),"",ROUND(PERCENTRANK($J$5:$J$54,J14)*100,1)) -> 55.5 | P14: =IF(OR(C14="",K14=""),"",ROUND(PERCENTRANK($K$5:$K$54,K14)*100,1)) -> 77.7 | Q14: =IF(OR(A14="",D14=""),"",ROUND(M14*0.3+N14*0.25+O14*0.25+P14*0.2,1)) -> 64.3 | R14: =IF(OR(A14="",S14<>"✔ ALL PASS"),"",RANK(Q14,$Q$5:$Q$54,0)) | S14: =IF(A14="","",IF(AND(D14="✔ PASS",E14="✔ PASS",F14="✔ PASS",G14="✔ PASS"),"✔ ALL PASS","✘ FILTERED")) -> ✘ FILTERED | T14: =IF(OR(A14="",S14<>"✔ ALL PASS",R14=""),"",IF(R14<=20,"🟢 BUY SIGNAL","—"))
A15: =IF('Ticker Data'!A14="","",'Ticker Data'!A14) -> AADHARHFC | B15: =IF('Ticker Data'!A14="","",'Ticker Data'!B14) -> 0 | C15: =IF('Ticker Data'!A14="","",'Ticker Data'!L14) -> 0 | D15: =IF('Ticker Data'!A14="","",IF(AND('Ticker Data'!C14>'Ticker Data'!D14,'Ticker Data'!D14>'Ticker Data'!E14,'Ticker Data'!E14>0),"✔ PASS","✘ FAIL")) -> ✘ FAIL | E15: =IF('Ticker Data'!A14="","",IF('Ticker Data'!C14>='Ticker Data'!F14*0.85,"✔ PASS","✘ FAIL")) -> ✔ PASS | F15: =IF('Ticker Data'!A14="","",IF('Ticker Data'!C14>='Ticker Data'!G14,"✔ PASS","✘ FAIL")) -> ✔ PASS | G15: =IF('Ticker Data'!A14="","",IF('Ticker Data'!I14>'Ticker Data'!J14,"✔ PASS","✘ FAIL")) -> ✘ FAIL | H15: =IF('Ticker Data'!A14="","",(('Ticker Data'!K14/100))) -> 0 | I15: =IF(OR('Ticker Data'!A14="",'Ticker Data'!J14=0),"",'Ticker Data'!I14/'Ticker Data'!J14) | J15: =IF(OR('Ticker Data'!A14="",'Ticker Data'!G14=0),"",('Ticker Data'!C14-'Ticker Data'!G14)/'Ticker Data'!G14) | K15: =IF(OR('Ticker Data'!A14="",'Ticker Data'!D14=0),"",('Ticker Data'!C14-'Ticker Data'!D14)/'Ticker Data'!D14) | L15: =IF(OR('Ticker Data'!A14="",'Ticker Data'!F14=0),"",'Ticker Data'!C14/'Ticker Data'!F14) | M15: =IF(OR(C15="",H15=""),"",ROUND(PERCENTRANK($H$5:$H$54,H15)*100,1)) -> 0 | N15: =IF(OR(C15="",I15=""),"",ROUND(PERCENTRANK($I$5:$I$54,I15)*100,1)) | O15: =IF(OR(C15="",J15=""),"",ROUND(PERCENTRANK($J$5:$J$54,J15)*100,1)) | P15: =IF(OR(C15="",K15=""),"",ROUND(PERCENTRANK($K$5:$K$54,K15)*100,1)) | Q15: =IF(OR(A15="",D15=""),"",ROUND(M15*0.3+N15*0.25+O15*0.25+P15*0.2,1)) -> #VALUE! | R15: =IF(OR(A15="",S15<>"✔ ALL PASS"),"",RANK(Q15,$Q$5:$Q$54,0)) | S15: =IF(A15="","",IF(AND(D15="✔ PASS",E15="✔ PASS",F15="✔ PASS",G15="✔ PASS"),"✔ ALL PASS","✘ FILTERED")) -> ✘ FILTERED | T15: =IF(OR(A15="",S15<>"✔ ALL PASS",R15=""),"",IF(R15<=20,"🟢 BUY SIGNAL","—"))
A16: =IF('Ticker Data'!A15="","",'Ticker Data'!A15) -> HSCL | B16: =IF('Ticker Data'!A15="","",'Ticker Data'!B15) -> 0 | C16: =IF('Ticker Data'!A15="","",'Ticker Data'!L15) -> 0 | D16: =IF('Ticker Data'!A15="","",IF(AND('Ticker Data'!C15>'Ticker Data'!D15,'Ticker Data'!D15>'Ticker Data'!E15,'Ticker Data'!E15>0),"✔ PASS","✘ FAIL")) -> ✘ FAIL | E16: =IF('Ticker Data'!A15="","",IF('Ticker Data'!C15>='Ticker Data'!F15*0.85,"✔ PASS","✘ FAIL")) -> ✔ PASS | F16: =IF('Ticker Data'!A15="","",IF('Ticker Data'!C15>='Ticker Data'!G15,"✔ PASS","✘ FAIL")) -> ✔ PASS | G16: =IF('Ticker Data'!A15="","",IF('Ticker Data'!I15>'Ticker Data'!J15,"✔ PASS","✘ FAIL")) -> ✘ FAIL | H16: =IF('Ticker Data'!A15="","",(('Ticker Data'!K15/100))) -> 0 | I16: =IF(OR('Ticker Data'!A15="",'Ticker Data'!J15=0),"",'Ticker Data'!I15/'Ticker Data'!J15) | J16: =IF(OR('Ticker Data'!A15="",'Ticker Data'!G15=0),"",('Ticker Data'!C15-'Ticker Data'!G15)/'Ticker Data'!G15) | K16: =IF(OR('Ticker Data'!A15="",'Ticker Data'!D15=0),"",('Ticker Data'!C15-'Ticker Data'!D15)/'Ticker Data'!D15) | L16: =IF(OR('Ticker Data'!A15="",'Ticker Data'!F15=0),"",'Ticker Data'!C15/'Ticker Data'!F15) | M16: =IF(OR(C16="",H16=""),"",ROUND(PERCENTRANK($H$5:$H$54,H16)*100,1)) -> 0 | N16: =IF(OR(C16="",I16=""),"",ROUND(PERCENTRANK($I$5:$I$54,I16)*100,1)) | O16: =IF(OR(C16="",J16=""),"",ROUND(PERCENTRANK($J$5:$J$54,J16)*100,1)) | P16: =IF(OR(C16="",K16=""),"",ROUND(PERCENTRANK($K$5:$K$54,K16)*100,1)) | Q16: =IF(OR(A16="",D16=""),"",ROUND(M16*0.3+N16*0.25+O16*0.25+P16*0.2,1)) -> #VALUE! | R16: =IF(OR(A16="",S16<>"✔ ALL PASS"),"",RANK(Q16,$Q$5:$Q$54,0)) | S16: =IF(A16="","",IF(AND(D16="✔ PASS",E16="✔ PASS",F16="✔ PASS",G16="✔ PASS"),"✔ ALL PASS","✘ FILTERED")) -> ✘ FILTERED | T16: =IF(OR(A16="",S16<>"✔ ALL PASS",R16=""),"",IF(R16<=20,"🟢 BUY SIGNAL","—"))
... A54: =IF('Ticker Data'!A53="","",'Ticker Data'!A53) -> JSWINFRA | B54: =IF('Ticker Data'!A53="","",'Ticker Data'!B53) -> 0 | C54: =IF('Ticker Data'!A53="","",'Ticker Data'!L53) -> 0 | D54: =IF('Ticker Data'!A53="","",IF(AND('Ticker Data'!C53>'Ticker Data'!D53,'Ticker Data'!D53>'Ticker Data'!E53,'Ticker Data'!E53>0),"✔ PASS","✘ FAIL")) -> ✘ FAIL | E54: =IF('Ticker Data'!A53="","",IF('Ticker Data'!C53>='Ticker Data'!F53*0.85,"✔ PASS","✘ FAIL")) -> ✔ PASS | F54: =IF('Ticker Data'!A53="","",IF('Ticker Data'!C53>='Ticker Data'!G53,"✔ PASS","✘ FAIL")) -> ✔ PASS | G54: =IF('Ticker Data'!A53="","",IF('Ticker Data'!I53>'Ticker Data'!J53,"✔ PASS","✘ FAIL")) -> ✘ FAIL | H54: =IF('Ticker Data'!A53="","",(('Ticker Data'!K53/100))) -> 0 | I54: =IF(OR('Ticker Data'!A53="",'Ticker Data'!J53=0),"",'Ticker Data'!I53/'Ticker Data'!J53) | J54: =IF(OR('Ticker Data'!A53="",'Ticker Data'!G53=0),"",('Ticker Data'!C53-'Ticker Data'!G53)/'Ticker Data'!G53) | K54: =IF(OR('Ticker Data'!A53="",'Ticker Data'!D53=0),"",('Ticker Data'!C53-'Ticker Data'!D53)/'Ticker Data'!D53) | L54: =IF(OR('Ticker Data'!A53="",'Ticker Data'!F53=0),"",'Ticker Data'!C53/'Ticker Data'!F53) | M54: =IF(OR(C54="",H54=""),"",ROUND(PERCENTRANK($H$5:$H$54,H54)*100,1)) -> 0 | N54: =IF(OR(C54="",I54=""),"",ROUND(PERCENTRANK($I$5:$I$54,I54)*100,1)) | O54: =IF(OR(C54="",J54=""),"",ROUND(PERCENTRANK($J$5:$J$54,J54)*100,1)) | P54: =IF(OR(C54="",K54=""),"",ROUND(PERCENTRANK($K$5:$K$54,K54)*100,1)) | Q54: =IF(OR(A54="",D54=""),"",ROUND(M54*0.3+N54*0.25+O54*0.25+P54*0.2,1)) -> #VALUE! | R54: =IF(OR(A54="",S54<>"✔ ALL PASS"),"",RANK(Q54,$Q$5:$Q$54,0)) | S54: =IF(A54="","",IF(AND(D54="✔ PASS",E54="✔ PASS",F54="✔ PASS",G54="✔ PASS"),"✔ ALL PASS","✘ FILTERED")) -> ✘ FILTERED | T54: =IF(OR(A54="",S54<>"✔ ALL PASS",R54=""),"",IF(R54<=20,"🟢 BUY SIGNAL","—"))

Sheet Top 20 Signals
A1: 🟢 TOP 20 BUY SIGNALS — Entry at Monday 3 PM | Exit: 1 Month or 5% TSL
A2: Auto-populated from Screener. Equal weight per trade. Max 20 positions. TSL = Entry Price × 0.95. Target = Entry Price × 1.10.
A3: Rank | B3: Ticker | C3: Company | D3: Sector | E3: Composite Score | F3: 3M Return % | G3: Vol Surge Ratio | H3: Entry Price ₹ | I3: TSL (−5%) | J3: Target (+10%) | K3: Position Size | L3: Holding Period | M3: Exit Condition | N3: Notes
A4: =1 -> 1 | B4: =IFERROR(INDEX('Screener & Ranking'!A$5:A$54,MATCH(1,'Screener & Ranking'!R$5:R$54,0)),"") | C4: =IFERROR(INDEX('Screener & Ranking'!B$5:B$54,MATCH(1,'Screener & Ranking'!R$5:R$54,0)),"") | D4: =IFERROR(INDEX('Screener & Ranking'!C$5:C$54,MATCH(1,'Screener & Ranking'!R$5:R$54,0)),"") | E4: =IFERROR(INDEX('Screener & Ranking'!Q$5:Q$54,MATCH(1,'Screener & Ranking'!R$5:R$54,0)),"") | F4: =IFERROR(INDEX('Screener & Ranking'!H$5:H$54,MATCH(1,'Screener & Ranking'!R$5:R$54,0)),"") | G4: =IFERROR(INDEX('Screener & Ranking'!I$5:I$54,MATCH(1,'Screener & Ranking'!R$5:R$54,0)),"") | H4: =IFERROR(INDEX('Ticker Data'!C$4:C$53,MATCH(1,'Screener & Ranking'!R$5:R$54,0)),"") | I4: =IF(H4="","",H4*0.95) | J4: =IF(H4="","",H4*1.1) | K4: =IF(B4="","","Equal Weight") | L4: =IF(B4="","","1 Month Max") | M4: =IF(B4="","","TSL @ ₹"&TEXT(I4,"#,##0.00")&" or 1M") | N4: =IF(B4="","","Monitor weekly")
A5: =2 -> 2 | B5: =IFERROR(INDEX('Screener & Ranking'!A$5:A$54,MATCH(2,'Screener & Ranking'!R$5:R$54,0)),"") | C5: =IFERROR(INDEX('Screener & Ranking'!B$5:B$54,MATCH(2,'Screener & Ranking'!R$5:R$54,0)),"") | D5: =IFERROR(INDEX('Screener & Ranking'!C$5:C$54,MATCH(2,'Screener & Ranking'!R$5:R$54,0)),"") | E5: =IFERROR(INDEX('Screener & Ranking'!Q$5:Q$54,MATCH(2,'Screener & Ranking'!R$5:R$54,0)),"") | F5: =IFERROR(INDEX('Screener & Ranking'!H$5:H$54,MATCH(2,'Screener & Ranking'!R$5:R$54,0)),"") | G5: =IFERROR(INDEX('Screener & Ranking'!I$5:I$54,MATCH(2,'Screener & Ranking'!R$5:R$54,0)),"") | H5: =IFERROR(INDEX('Ticker Data'!C$4:C$53,MATCH(2,'Screener & Ranking'!R$5:R$54,0)),"") | I5: =IF(H5="","",H5*0.95) | J5: =IF(H5="","",H5*1.1) | K5: =IF(B5="","","Equal Weight") | L5: =IF(B5="","","1 Month Max") | M5: =IF(B5="","","TSL @ ₹"&TEXT(I5,"#,##0.00")&" or 1M") | N5: =IF(B5="","","Monitor weekly")
A6: =3 -> 3 | B6: =IFERROR(INDEX('Screener & Ranking'!A$5:A$54,MATCH(3,'Screener & Ranking'!R$5:R$54,0)),"") | C6: =IFERROR(INDEX('Screener & Ranking'!B$5:B$54,MATCH(3,'Screener & Ranking'!R$5:R$54,0)),"") | D6: =IFERROR(INDEX('Screener & Ranking'!C$5:C$54,MATCH(3,'Screener & Ranking'!R$5:R$54,0)),"") | E6: =IFERROR(INDEX('Screener & Ranking'!Q$5:Q$54,MATCH(3,'Screener & Ranking'!R$5:R$54,0)),"") | F6: =IFERROR(INDEX('Screener & Ranking'!H$5:H$54,MATCH(3,'Screener & Ranking'!R$5:R$54,0)),"") | G6: =IFERROR(INDEX('Screener & Ranking'!I$5:I$54,MATCH(3,'Screener & Ranking'!R$5:R$54,0)),"") | H6: =IFERROR(INDEX('Ticker Data'!C$4:C$53,MATCH(3,'Screener & Ranking'!R$5:R$54,0)),"") | I6: =IF(H6="","",H6*0.95) | J6: =IF(H6="","",H6*1.1) | K6: =IF(B6="","","Equal Weight") | L6: =IF(B6="","","1 Month Max") | M6: =IF(B6="","","TSL @ ₹"&TEXT(I6,"#,##0.00")&" or 1M") | N6: =IF(B6="","","Monitor weekly")
A7: =4 -> 4 | B7: =IFERROR(INDEX('Screener & Ranking'!A$5:A$54,MATCH(4,'Screener & Ranking'!R$5:R$54,0)),"") | C7: =IFERROR(INDEX('Screener & Ranking'!B$5:B$54,MATCH(4,'Screener & Ranking'!R$5:R$54,0)),"") | D7: =IFERROR(INDEX('Screener & Ranking'!C$5:C$54,MATCH(4,'Screener & Ranking'!R$5:R$54,0)),"") | E7: =IFERROR(INDEX('Screener & Ranking'!Q$5:Q$54,MATCH(4,'Screener & Ranking'!R$5:R$54,0)),"") | F7: =IFERROR(INDEX('Screener & Ranking'!H$5:H$54,MATCH(4,'Screener & Ranking'!R$5:R$54,0)),"") | G7: =IFERROR(INDEX('Screener & Ranking'!I$5:I$54,MATCH(4,'Screener & Ranking'!R$5:R$54,0)),"") | H7: =IFERROR(INDEX('Ticker Data'!C$4:C$53,MATCH(4,'Screener & Ranking'!R$5:R$54,0)),"") | I7: =IF(H7="","",H7*0.95) | J7: =IF(H7="","",H7*1.1) | K7: =IF(B7="","","Equal Weight") | L7: =IF(B7="","","1 Month Max") | M7: =IF(B7="","","TSL @ ₹"&TEXT(I7,"#,##0.00")&" or 1M") | N7: =IF(B7="","","Monitor weekly")
A8: =5 -> 5 | B8: =IFERROR(INDEX('Screener & Ranking'!A$5:A$54,MATCH(5,'Screener & Ranking'!R$5:R$54,0)),"") | C8: =IFERROR(INDEX('Screener & Ranking'!B$5:B$54,MATCH(5,'Screener & Ranking'!R$5:R$54,0)),"") | D8: =IFERROR(INDEX('Screener & Ranking'!C$5:C$54,MATCH(5,'Screener & Ranking'!R$5:R$54,0)),"") | E8: =IFERROR(INDEX('Screener & Ranking'!Q$5:Q$54,MATCH(5,'Screener & Ranking'!R$5:R$54,0)),"") | F8: =IFERROR(INDEX('Screener & Ranking'!H$5:H$54,MATCH(5,'Screener & Ranking'!R$5:R$54,0)),"") | G8: =IFERROR(INDEX('Screener & Ranking'!I$5:I$54,MATCH(5,'Screener & Ranking'!R$5:R$54,0)),"") | H8: =IFERROR(INDEX('Ticker Data'!C$4:C$53,MATCH(5,'Screener & Ranking'!R$5:R$54,0)),"") | I8: =IF(H8="","",H8*0.95) | J8: =IF(H8="","",H8*1.1) | K8: =IF(B8="","","Equal Weight") | L8: =IF(B8="","","1 Month Max") | M8: =IF(B8="","","TSL @ ₹"&TEXT(I8,"#,##0.00")&" or 1M") | N8: =IF(B8="","","Monitor weekly")
A9: =6 -> 6 | B9: =IFERROR(INDEX('Screener & Ranking'!A$5:A$54,MATCH(6,'Screener & Ranking'!R$5:R$54,0)),"") | C9: =IFERROR(INDEX('Screener & Ranking'!B$5:B$54,MATCH(6,'Screener & Ranking'!R$5:R$54,0)),"") | D9: =IFERROR(INDEX('Screener & Ranking'!C$5:C$54,MATCH(6,'Screener & Ranking'!R$5:R$54,0)),"") | E9: =IFERROR(INDEX('Screener & Ranking'!Q$5:Q$54,MATCH(6,'Screener & Ranking'!R$5:R$54,0)),"") | F9: =IFERROR(INDEX('Screener & Ranking'!H$5:H$54,MATCH(6,'Screener & Ranking'!R$5:R$54,0)),"") | G9: =IFERROR(INDEX('Screener & Ranking'!I$5:I$54,MATCH(6,'Screener & Ranking'!R$5:R$54,0)),"") | H9: =IFERROR(INDEX('Ticker Data'!C$4:C$53,MATCH(6,'Screener & Ranking'!R$5:R$54,0)),"") | I9: =IF(H9="","",H9*0.95) | J9: =IF(H9="","",H9*1.1) | K9: =IF(B9="","","Equal Weight") | L9: =IF(B9="","","1 Month Max") | M9: =IF(B9="","","TSL @ ₹"&TEXT(I9,"#,##0.00")&" or 1M") | N9: =IF(B9="","","Monitor weekly")
A10: =7 -> 7 | B10: =IFERROR(INDEX('Screener & Ranking'!A$5:A$54,MATCH(7,'Screener & Ranking'!R$5:R$54,0)),"") | C10: =IFERROR(INDEX('Screener & Ranking'!B$5:B$54,MATCH(7,'Screener & Ranking'!R$5:R$54,0)),"") | D10: =IFERROR(INDEX('Screener & Ranking'!C$5:C$54,MATCH(7,'Screener & Ranking'!R$5:R$54,0)),"") | E10: =IFERROR(INDEX('Screener & Ranking'!Q$5:Q$54,MATCH(7,'Screener & Ranking'!R$5:R$54,0)),"") | F10: =IFERROR(INDEX('Screener & Ranking'!H$5:H$54,MATCH(7,'Screener & Ranking'!R$5:R$54,0)),"") | G10: =IFERROR(INDEX('Screener & Ranking'!I$5:I$54,MATCH(7,'Screener & Ranking'!R$5:R$54,0)),"") | H10: =IFERROR(INDEX('Ticker Data'!C$4:C$53,MATCH(7,'Screener & Ranking'!R$5:R$54,0)),"") | I10: =IF(H10="","",H10*0.95) | J10: =IF(H10="","",H10*1.1) | K10: =IF(B10="","","Equal Weight") | L10: =IF(B10="","","1 Month Max") | M10: =IF(B10="","","TSL @ ₹"&TEXT(I10,"#,##0.00")&" or 1M") | N10: =IF(B10="","","Monitor weekly")
A11: =8 -> 8 | B11: =IFERROR(INDEX('Screener & Ranking'!A$5:A$54,MATCH(8,'Screener & Ranking'!R$5:R$54,0)),"") | C11: =IFERROR(INDEX('Screener & Ranking'!B$5:B$54,MATCH(8,'Screener & Ranking'!R$5:R$54,0)),"") | D11: =IFERROR(INDEX('Screener & Ranking'!C$5:C$54,MATCH(8,'Screener & Ranking'!R$5:R$54,0)),"") | E11: =IFERROR(INDEX('Screener & Ranking'!Q$5:Q$54,MATCH(8,'Screener & Ranking'!R$5:R$54,0)),"") | F11: =IFERROR(INDEX('Screener & Ranking'!H$5:H$54,MATCH(8,'Screener & Ranking'!R$5:R$54,0)),"") | G11: =IFERROR(INDEX('Screener & Ranking'!I$5:I$54,MATCH(8,'Screener & Ranking'!R$5:R$54,0)),"") | H11: =IFERROR(INDEX('Ticker Data'!C$4:C$53,MATCH(8,'Screener & Ranking'!R$5:R$54,0)),"") | I11: =IF(H11="","",H11*0.95) | J11: =IF(H11="","",H11*1.1) | K11: =IF(B11="","","Equal Weight") | L11: =IF(B11="","","1 Month Max") | M11: =IF(B11="","","TSL @ ₹"&TEXT(I11,"#,##0.00")&" or 1M") | N11: =IF(B11="","","Monitor weekly")
A12: =9 -> 9 | B12: =IFERROR(INDEX('Screener & Ranking'!A$5:A$54,MATCH(9,'Screener & Ranking'!R$5:R$54,0)),"") | C12: =IFERROR(INDEX('Screener & Ranking'!B$5:B$54,MATCH(9,'Screener & Ranking'!R$5:R$54,0)),"") | D12: =IFERROR(INDEX('Screener & Ranking'!C$5:C$54,MATCH(9,'Screener & Ranking'!R$5:R$54,0)),"") | E12: =IFERROR(INDEX('Screener & Ranking'!Q$5:Q$54,MATCH(9,'Screener & Ranking'!R$5:R$54,0)),"") | F12: =IFERROR(INDEX('Screener & Ranking'!H$5:H$54,MATCH(9,'Screener & Ranking'!R$5:R$54,0)),"") | G12: =IFERROR(INDEX('Screener & Ranking'!I$5:I$54,MATCH(9,'Screener & Ranking'!R$5:R$54,0)),"") | H12: =IFERROR(INDEX('Ticker Data'!C$4:C$53,MATCH(9,'Screener & Ranking'!R$5:R$54,0)),"") | I12: =IF(H12="","",H12*0.95) | J12: =IF(H12="","",H12*1.1) | K12: =IF(B12="","","Equal Weight") | L12: =IF(B12="","","1 Month Max") | M12: =IF(B12="","","TSL @ ₹"&TEXT(I12,"#,##0.00")&" or 1M") | N12: =IF(B12="","","Monitor weekly")
A13: =10 -> 10 | B13: =IFERROR(INDEX('Screener & Ranking'!A$5:A$54,MATCH(10,'Screener & Ranking'!R$5:R$54,0)),"") | C13: =IFERROR(INDEX('Screener & Ranking'!B$5:B$54,MATCH(10,'Screener & Ranking'!R$5:R$54,0)),"") | D13: =IFERROR(INDEX('Screener & Ranking'!C$5:C$54,MATCH(10,'Screener & Ranking'!R$5:R$54,0)),"") | E13: =IFERROR(INDEX('Screener & Ranking'!Q$5:Q$54,MATCH(10,'Screener & Ranking'!R$5:R$54,0)),"") | F13: =IFERROR(INDEX('Screener & Ranking'!H$5:H$54,MATCH(10,'Screener & Ranking'!R$5:R$54,0)),"") | G13: =IFERROR(INDEX('Screener & Ranking'!I$5:I$54,MATCH(10,'Screener & Ranking'!R$5:R$54,0)),"") | H13: =IFERROR(INDEX('Ticker Data'!C$4:C$53,MATCH(10,'Screener & Ranking'!R$5:R$54,0)),"") | I13: =IF(H13="","",H13*0.95) | J13: =IF(H13="","",H13*1.1) | K13: =IF(B13="","","Equal Weight") | L13: =IF(B13="","","1 Month Max") | M13: =IF(B13="","","TSL @ ₹"&TEXT(I13,"#,##0.00")&" or 1M") | N13: =IF(B13="","","Monitor weekly")
A14: =11 -> 11 | B14: =IFERROR(INDEX('Screener & Ranking'!A$5:A$54,MATCH(11,'Screener & Ranking'!R$5:R$54,0)),"") | C14: =IFERROR(INDEX('Screener & Ranking'!B$5:B$54,MATCH(11,'Screener & Ranking'!R$5:R$54,0)),"") | D14: =IFERROR(INDEX('Screener & Ranking'!C$5:C$54,MATCH(11,'Screener & Ranking'!R$5:R$54,0)),"") | E14: =IFERROR(INDEX('Screener & Ranking'!Q$5:Q$54,MATCH(11,'Screener & Ranking'!R$5:R$54,0)),"") | F14: =IFERROR(INDEX('Screener & Ranking'!H$5:H$54,MATCH(11,'Screener & Ranking'!R$5:R$54,0)),"") | G14: =IFERROR(INDEX('Screener & Ranking'!I$5:I$54,MATCH(11,'Screener & Ranking'!R$5:R$54,0)),"") | H14: =IFERROR(INDEX('Ticker Data'!C$4:C$53,MATCH(11,'Screener & Ranking'!R$5:R$54,0)),"") | I14: =IF(H14="","",H14*0.95) | J14: =IF(H14="","",H14*1.1) | K14: =IF(B14="","","Equal Weight") | L14: =IF(B14="","","1 Month Max") | M14: =IF(B14="","","TSL @ ₹"&TEXT(I14,"#,##0.00")&" or 1M") | N14: =IF(B14="","","Monitor weekly")
A15: =12 -> 12 | B15: =IFERROR(INDEX('Screener & Ranking'!A$5:A$54,MATCH(12,'Screener & Ranking'!R$5:R$54,0)),"") | C15: =IFERROR(INDEX('Screener & Ranking'!B$5:B$54,MATCH(12,'Screener & Ranking'!R$5:R$54,0)),"") | D15: =IFERROR(INDEX('Screener & Ranking'!C$5:C$54,MATCH(12,'Screener & Ranking'!R$5:R$54,0)),"") | E15: =IFERROR(INDEX('Screener & Ranking'!Q$5:Q$54,MATCH(12,'Screener & Ranking'!R$5:R$54,0)),"") | F15: =IFERROR(INDEX('Screener & Ranking'!H$5:H$54,MATCH(12,'Screener & Ranking'!R$5:R$54,0)),"") | G15: =IFERROR(INDEX('Screener & Ranking'!I$5:I$54,MATCH(12,'Screener & Ranking'!R$5:R$54,0)),"") | H15: =IFERROR(INDEX('Ticker Data'!C$4:C$53,MATCH(12,'Screener & Ranking'!R$5:R$54,0)),"") | I15: =IF(H15="","",H15*0.95) | J15: =IF(H15="","",H15*1.1) | K15: =IF(B15="","","Equal Weight") | L15: =IF(B15="","","1 Month Max") | M15: =IF(B15="","","TSL @ ₹"&TEXT(I15,"#,##0.00")&" or 1M") | N15: =IF(B15="","","Monitor weekly")
A16: =13 -> 13 | B16: =IFERROR(INDEX('Screener & Ranking'!A$5:A$54,MATCH(13,'Screener & Ranking'!R$5:R$54,0)),"") | C16: =IFERROR(INDEX('Screener & Ranking'!B$5:B$54,MATCH(13,'Screener & Ranking'!R$5:R$54,0)),"") | D16: =IFERROR(INDEX('Screener & Ranking'!C$5:C$54,MATCH(13,'Screener & Ranking'!R$5:R$54,0)),"") | E16: =IFERROR(INDEX('Screener & Ranking'!Q$5:Q$54,MATCH(13,'Screener & Ranking'!R$5:R$54,0)),"") | F16: =IFERROR(INDEX('Screener & Ranking'!H$5:H$54,MATCH(13,'Screener & Ranking'!R$5:R$54,0)),"") | G16: =IFERROR(INDEX('Screener & Ranking'!I$5:I$54,MATCH(13,'Screener & Ranking'!R$5:R$54,0)),"") | H16: =IFERROR(INDEX('Ticker Data'!C$4:C$53,MATCH(13,'Screener & Ranking'!R$5:R$54,0)),"") | I16: =IF(H16="","",H16*0.95) | J16: =IF(H16="","",H16*1.1) | K16: =IF(B16="","","Equal Weight") | L16: =IF(B16="","","1 Month Max") | M16: =IF(B16="","","TSL @ ₹"&TEXT(I16,"#,##0.00")&" or 1M") | N16: =IF(B16="","","Monitor weekly")
A17: =14 -> 14 | B17: =IFERROR(INDEX('Screener & Ranking'!A$5:A$54,MATCH(14,'Screener & Ranking'!R$5:R$54,0)),"") | C17: =IFERROR(INDEX('Screener & Ranking'!B$5:B$54,MATCH(14,'Screener & Ranking'!R$5:R$54,0)),"") | D17: =IFERROR(INDEX('Screener & Ranking'!C$5:C$54,MATCH(14,'Screener & Ranking'!R$5:R$54,0)),"") | E17: =IFERROR(INDEX('Screener & Ranking'!Q$5:Q$54,MATCH(14,'Screener & Ranking'!R$5:R$54,0)),"") | F17: =IFERROR(INDEX('Screener & Ranking'!H$5:H$54,MATCH(14,'Screener & Ranking'!R$5:R$54,0)),"") | G17: =IFERROR(INDEX('Screener & Ranking'!I$5:I$54,MATCH(14,'Screener & Ranking'!R$5:R$54,0)),"") | H17: =IFERROR(INDEX('Ticker Data'!C$4:C$53,MATCH(14,'Screener & Ranking'!R$5:R$54,0)),"") | I17: =IF(H17="","",H17*0.95) | J17: =IF(H17="","",H17*1.1) | K17: =IF(B17="","","Equal Weight") | L17: =IF(B17="","","1 Month Max") | M17: =IF(B17="","","TSL @ ₹"&TEXT(I17,"#,##0.00")&" or 1M") | N17: =IF(B17="","","Monitor weekly")
A18: =15 -> 15 | B18: =IFERROR(INDEX('Screener & Ranking'!A$5:A$54,MATCH(15,'Screener & Ranking'!R$5:R$54,0)),"") | C18: =IFERROR(INDEX('Screener & Ranking'!B$5:B$54,MATCH(15,'Screener & Ranking'!R$5:R$54,0)),"") | D18: =IFERROR(INDEX('Screener & Ranking'!C$5:C$54,MATCH(15,'Screener & Ranking'!R$5:R$54,0)),"") | E18: =IFERROR(INDEX('Screener & Ranking'!Q$5:Q$54,MATCH(15,'Screener & Ranking'!R$5:R$54,0)),"") | F18: =IFERROR(INDEX('Screener & Ranking'!H$5:H$54,MATCH(15,'Screener & Ranking'!R$5:R$54,0)),"") | G18: =IFERROR(INDEX('Screener & Ranking'!I$5:I$54,MATCH(15,'Screener & Ranking'!R$5:R$54,0)),"") | H18: =IFERROR(INDEX('Ticker Data'!C$4:C$53,MATCH(15,'Screener & Ranking'!R$5:R$54,0)),"") | I18: =IF(H18="","",H18*0.95) | J18: =IF(H18="","",H18*1.1) | K18: =IF(B18="","","Equal Weight") | L18: =IF(B18="","","1 Month Max") | M18: =IF(B18="","","TSL @ ₹"&TEXT(I18,"#,##0.00")&" or 1M") | N18: =IF(B18="","","Monitor weekly")
A19: =16 -> 16 | B19: =IFERROR(INDEX('Screener & Ranking'!A$5:A$54,MATCH(16,'Screener & Ranking'!R$5:R$54,0)),"") | C19: =IFERROR(INDEX('Screener & Ranking'!B$5:B$54,MATCH(16,'Screener & Ranking'!R$5:R$54,0)),"") | D19: =IFERROR(INDEX('Screener & Ranking'!C$5:C$54,MATCH(16,'Screener & Ranking'!R$5:R$54,0)),"") | E19: =IFERROR(INDEX('Screener & Ranking'!Q$5:Q$54,MATCH(16,'Screener & Ranking'!R$5:R$54,0)),"") | F19: =IFERROR(INDEX('Screener & Ranking'!H$5:H$54,MATCH(16,'Screener & Ranking'!R$5:R$54,0)),"") | G19: =IFERROR(INDEX('Screener & Ranking'!I$5:I$54,MATCH(16,'Screener & Ranking'!R$5:R$54,0)),"") | H19: =IFERROR(INDEX('Ticker Data'!C$4:C$53,MATCH(16,'Screener & Ranking'!R$5:R$54,0)),"") | I19: =IF(H19="","",H19*0.95) | J19: =IF(H19="","",H19*1.1) | K19: =IF(B19="","","Equal Weight") | L19: =IF(B19="","","1 Month Max") | M19: =IF(B19="","","TSL @ ₹"&TEXT(I19,"#,##0.00")&" or 1M") | N19: =IF(B19="","","Monitor weekly")
A20: =17 -> 17 | B20: =IFERROR(INDEX('Screener & Ranking'!A$5:A$54,MATCH(17,'Screener & Ranking'!R$5:R$54,0)),"") | C20: =IFERROR(INDEX('Screener & Ranking'!B$5:B$54,MATCH(17,'Screener & Ranking'!R$5:R$54,0)),"") | D20: =IFERROR(INDEX('Screener & Ranking'!C$5:C$54,MATCH(17,'Screener & Ranking'!R$5:R$54,0)),"") | E20: =IFERROR(INDEX('Screener & Ranking'!Q$5:Q$54,MATCH(17,'Screener & Ranking'!R$5:R$54,0)),"") | F20: =IFERROR(INDEX('Screener & Ranking'!H$5:H$54,MATCH(17,'Screener & Ranking'!R$5:R$54,0)),"") | G20: =IFERROR(INDEX('Screener & Ranking'!I$5:I$54,MATCH(17,'Screener & Ranking'!R$5:R$54,0)),"") | H20: =IFERROR(INDEX('Ticker Data'!C$4:C$53,MATCH(17,'Screener & Ranking'!R$5:R$54,0)),"") | I20: =IF(H20="","",H20*0.95) | J20: =IF(H20="","",H20*1.1) | K20: =IF(B20="","","Equal Weight") | L20: =IF(B20="","","1 Month Max") | M20: =IF(B20="","","TSL @ ₹"&TEXT(I20,"#,##0.00")&" or 1M") | N20: =IF(B20="","","Monitor weekly")
A21: =18 -> 18 | B21: =IFERROR(INDEX('Screener & Ranking'!A$5:A$54,MATCH(18,'Screener & Ranking'!R$5:R$54,0)),"") | C21: =IFERROR(INDEX('Screener & Ranking'!B$5:B$54,MATCH(18,'Screener & Ranking'!R$5:R$54,0)),"") | D21: =IFERROR(INDEX('Screener & Ranking'!C$5:C$54,MATCH(18,'Screener & Ranking'!R$5:R$54,0)),"") | E21: =IFERROR(INDEX('Screener & Ranking'!Q$5:Q$54,MATCH(18,'Screener & Ranking'!R$5:R$54,0)),"") | F21: =IFERROR(INDEX('Screener & Ranking'!H$5:H$54,MATCH(18,'Screener & Ranking'!R$5:R$54,0)),"") | G21: =IFERROR(INDEX('Screener & Ranking'!I$5:I$54,MATCH(18,'Screener & Ranking'!R$5:R$54,0)),"") | H21: =IFERROR(INDEX('Ticker Data'!C$4:C$53,MATCH(18,'Screener & Ranking'!R$5:R$54,0)),"") | I21: =IF(H21="","",H21*0.95) | J21: =IF(H21="","",H21*1.1) | K21: =IF(B21="","","Equal Weight") | L21: =IF(B21="","","1 Month Max") | M21: =IF(B21="","","TSL @ ₹"&TEXT(I21,"#,##0.00")&" or 1M") | N21: =IF(B21="","","Monitor weekly")
A22: =19 -> 19 | B22: =IFERROR(INDEX('Screener & Ranking'!A$5:A$54,MATCH(19,'Screener & Ranking'!R$5:R$54,0)),"") | C22: =IFERROR(INDEX('Screener & Ranking'!B$5:B$54,MATCH(19,'Screener & Ranking'!R$5:R$54,0)),"") | D22: =IFERROR(INDEX('Screener & Ranking'!C$5:C$54,MATCH(19,'Screener & Ranking'!R$5:R$54,0)),"") | E22: =IFERROR(INDEX('Screener & Ranking'!Q$5:Q$54,MATCH(19,'Screener & Ranking'!R$5:R$54,0)),"") | F22: =IFERROR(INDEX('Screener & Ranking'!H$5:H$54,MATCH(19,'Screener & Ranking'!R$5:R$54,0)),"") | G22: =IFERROR(INDEX('Screener & Ranking'!I$5:I$54,MATCH(19,'Screener & Ranking'!R$5:R$54,0)),"") | H22: =IFERROR(INDEX('Ticker Data'!C$4:C$53,MATCH(19,'Screener & Ranking'!R$5:R$54,0)),"") | I22: =IF(H22="","",H22*0.95) | J22: =IF(H22="","",H22*1.1) | K22: =IF(B22="","","Equal Weight") | L22: =IF(B22="","","1 Month Max") | M22: =IF(B22="","","TSL @ ₹"&TEXT(I22,"#,##0.00")&" or 1M") | N22: =IF(B22="","","Monitor weekly")
A23: =20 -> 20 | B23: =IFERROR(INDEX('Screener & Ranking'!A$5:A$54,MATCH(20,'Screener & Ranking'!R$5:R$54,0)),"") | C23: =IFERROR(INDEX('Screener & Ranking'!B$5:B$54,MATCH(20,'Screener & Ranking'!R$5:R$54,0)),"") | D23: =IFERROR(INDEX('Screener & Ranking'!C$5:C$54,MATCH(20,'Screener & Ranking'!R$5:R$54,0)),"") | E23: =IFERROR(INDEX('Screener & Ranking'!Q$5:Q$54,MATCH(20,'Screener & Ranking'!R$5:R$54,0)),"") | F23: =IFERROR(INDEX('Screener & Ranking'!H$5:H$54,MATCH(20,'Screener & Ranking'!R$5:R$54,0)),"") | G23: =IFERROR(INDEX('Screener & Ranking'!I$5:I$54,MATCH(20,'Screener & Ranking'!R$5:R$54,0)),"") | H23: =IFERROR(INDEX('Ticker Data'!C$4:C$53,MATCH(20,'Screener & Ranking'!R$5:R$54,0)),"") | I23: =IF(H23="","",H23*0.95) | J23: =IF(H23="","",H23*1.1) | K23: =IF(B23="","","Equal Weight") | L23: =IF(B23="","","1 Month Max") | M23: =IF(B23="","","TSL @ ₹"&TEXT(I23,"#,##0.00")&" or 1M") | N23: =IF(B23="","","Monitor weekly")
